<?xml version="1.0" encoding="UTF-8"?>
<model>
<topic id='0' tokens='1993193.0000' document_entropy='3.4150' word-length='96.0000' coherence='-38.9340' uniform_dist='5.9718' corpus_dist='1.4263' eff_num_words='1.7480' token-doc-diff='0.2518' rank_1_docs='0.2667' allocation_ratio='0.3725' allocation_count='0.2933' exclusivity='0.7233'>
<word rank='1' count='1501367' prob='0.75325' cumulative='0.75325' docs='73' word-length='97.0000' coherence='0.0000' uniform_dist='5.3363' corpus_dist='1.1759' token-doc-diff='0.1029' exclusivity='0.9944'>d__Bacteria_p__Spirochaetes_c__Spirochaetia_o__Spirochaetales_f__Spirochaetaceae_g__Spirochaeta-2</word>
<word rank='2' count='101744' prob='0.05105' cumulative='0.80429' docs='10' word-length='150.0000' coherence='-1.9842' uniform_dist='0.2242' corpus_dist='0.0799' token-doc-diff='0.0025' exclusivity='0.9985'>d__Bacteria_p__Proteobacteria_c__Gammaproteobacteria_o__Oceanospirillales_f__Endozoicomonadaceae_g__Endozoicomonas_s__uncultured-gamma-proteobacterium</word>
<word rank='3' count='49017' prob='0.02459' cumulative='0.82889' docs='58' word-length='29.0000' coherence='-0.2472' uniform_dist='0.0901' corpus_dist='0.0108' token-doc-diff='0.0253' exclusivity='0.1986'>d__Bacteria_p__Proteobacteria</word>
<word rank='4' count='42102' prob='0.02112' cumulative='0.85001' docs='7' word-length='118.0000' coherence='-2.4432' uniform_dist='0.0741' corpus_dist='0.0331' token-doc-diff='0.0001' exclusivity='0.9969'>d__Bacteria_p__Bacteroidetes_c__Bacteroidia_o__Cytophagales_f__Cyclobacteriaceae_g__Fulvivirga_s__uncultured-bacterium</word>
<word rank='5' count='34300' prob='0.01721' cumulative='0.86722' docs='29' word-length='156.0000' coherence='-1.5924' uniform_dist='0.0569' corpus_dist='0.0244' token-doc-diff='0.0098' exclusivity='0.8189'>d__Bacteria_p__Proteobacteria_c__Deltaproteobacteria_o__SAR324-clade(Marine-group-B)_f__uncultured-bacterium_g__uncultured-bacterium_s__uncultured-bacterium</word>
<word rank='6' count='30429' prob='0.01527' cumulative='0.88248' docs='55' word-length='40.0000' coherence='-0.3340' uniform_dist='0.0486' corpus_dist='0.0174' token-doc-diff='0.0302' exclusivity='0.4945'>d__Bacteria_p__Tenericutes_c__Mollicutes</word>
<word rank='7' count='23175' prob='0.01163' cumulative='0.89411' docs='31' word-length='110.0000' coherence='-1.9099' uniform_dist='0.0339' corpus_dist='0.0179' token-doc-diff='0.0146' exclusivity='0.9524'>d__Bacteria_p__Proteobacteria_c__Gammaproteobacteria_o__Betaproteobacteriales_f__Burkholderiaceae_g__Ralstonia</word>
<word rank='8' count='17203' prob='0.00863' cumulative='0.90274' docs='33' word-length='80.0000' coherence='-1.2376' uniform_dist='0.0226' corpus_dist='0.0123' token-doc-diff='0.0186' exclusivity='0.7504'>d__Bacteria_p__Firmicutes_c__Bacilli_o__Bacillales_f__Bacillaceae_g__Geobacillus</word>
<word rank='9' count='15500' prob='0.00778' cumulative='0.91052' docs='56' word-length='52.0000' coherence='-0.3340' uniform_dist='0.0195' corpus_dist='-0.0026' token-doc-diff='0.0387' exclusivity='0.0813'>d__Bacteria_p__Proteobacteria_c__Alphaproteobacteria</word>
<word rank='10' count='13825' prob='0.00694' cumulative='0.91745' docs='19' word-length='128.0000' coherence='-1.7508' uniform_dist='0.0166' corpus_dist='0.0107' token-doc-diff='0.0091' exclusivity='0.9473'>d__Bacteria_p__Actinobacteria_c__Actinobacteria_o__Corynebacteriales_f__Corynebacteriaceae_g__Lawsonella_s__uncultured-bacterium</word>
</topic>
<topic id='1' tokens='557101.0000' document_entropy='2.3688' word-length='103.5000' coherence='-55.2150' uniform_dist='3.9392' corpus_dist='2.6026' eff_num_words='10.4568' token-doc-diff='0.0385' rank_1_docs='0.0980' allocation_ratio='0.3125' allocation_count='0.1373' exclusivity='0.9332'>
<word rank='1' count='119343' prob='0.21422' cumulative='0.21422' docs='41' word-length='93.0000' coherence='0.0000' uniform_dist='1.2483' corpus_dist='0.5830' token-doc-diff='0.0040' exclusivity='0.9567'>d__Bacteria_p__Proteobacteria_c__Gammaproteobacteria_o__Vibrionales_f__Vibrionaceae_g__Vibrio</word>
<word rank='2' count='98473' prob='0.17676' cumulative='0.39098' docs='21' word-length='62.0000' coherence='-1.0037' uniform_dist='0.9960' corpus_dist='0.5021' token-doc-diff='0.0141' exclusivity='1.0000'>d__Bacteria_p__Cyanobacteria_c__Oxyphotobacteria_o__Nostocales</word>
<word rank='3' count='44862' prob='0.08053' cumulative='0.47151' docs='26' word-length='129.0000' coherence='-0.7679' uniform_dist='0.3904' corpus_dist='0.2280' token-doc-diff='0.0004' exclusivity='0.9949'>d__Bacteria_p__Proteobacteria_c__Gammaproteobacteria_o__Alteromonadales_f__Colwelliaceae_g__Thalassotalea_s__uncultured-bacterium</word>
<word rank='4' count='38420' prob='0.06896' cumulative='0.54047' docs='29' word-length='91.0000' coherence='-0.7713' uniform_dist='0.3237' corpus_dist='0.1901' token-doc-diff='0.0027' exclusivity='0.9555'>d__Bacteria_p__Proteobacteria_c__Alphaproteobacteria_o__Rhodobacterales_f__Rhodobacteraceae</word>
<word rank='5' count='26540' prob='0.04764' cumulative='0.58811' docs='12' word-length='131.0000' coherence='-1.9157' uniform_dist='0.2060' corpus_dist='0.1350' token-doc-diff='0.0001' exclusivity='0.9958'>d__Bacteria_p__Epsilonbacteraeota_c__Campylobacteria_o__Campylobacterales_f__Arcobacteraceae_g__Arcobacter_s__Arcobacter-sp.-KTSW-4</word>
<word rank='6' count='19773' prob='0.03549' cumulative='0.62361' docs='20' word-length='125.0000' coherence='-0.9618' uniform_dist='0.1430' corpus_dist='0.1007' token-doc-diff='0.0045' exclusivity='0.9991'>d__Bacteria_p__Proteobacteria_c__Alphaproteobacteria_o__Rhodobacterales_f__Rhodobacteraceae_g__Shimia_s__uncultured-bacterium</word>
<word rank='7' count='19017' prob='0.03414' cumulative='0.65774' docs='10' word-length='109.0000' coherence='-1.7741' uniform_dist='0.1362' corpus_dist='0.0967' token-doc-diff='0.0000' exclusivity='0.9955'>d__Bacteria_p__Proteobacteria_c__Gammaproteobacteria_o__Oceanospirillales_f__Nitrincolaceae_g__Neptuniibacter</word>
<word rank='8' count='18302' prob='0.03285' cumulative='0.69059' docs='18' word-length='103.0000' coherence='-1.7741' uniform_dist='0.1298' corpus_dist='0.0756' token-doc-diff='0.0038' exclusivity='0.6969'>d__Bacteria_p__Proteobacteria_c__Alphaproteobacteria_o__Rhodobacterales_f__Rhodobacteraceae_g__Ruegeria</word>
<word rank='9' count='9807' prob='0.01760' cumulative='0.70820' docs='6' word-length='87.0000' coherence='-2.2648' uniform_dist='0.0586' corpus_dist='0.0356' token-doc-diff='0.0002' exclusivity='0.7388'>d__Bacteria_p__Cyanobacteria_c__Oxyphotobacteria_o__Phormidesmiales_f__Phormidesmiaceae</word>
<word rank='10' count='9039' prob='0.01623' cumulative='0.72442' docs='16' word-length='105.0000' coherence='-1.7741' uniform_dist='0.0527' corpus_dist='0.0459' token-doc-diff='0.0087' exclusivity='0.9986'>d__Bacteria_p__Proteobacteria_c__Gammaproteobacteria_o__Alteromonadales_f__Colwelliaceae_g__Thalassotalea</word>
</topic>
<topic id='2' tokens='895063.0000' document_entropy='2.7686' word-length='124.1000' coherence='-62.4817' uniform_dist='4.6197' corpus_dist='2.0746' eff_num_words='3.6548' token-doc-diff='0.1431' rank_1_docs='0.1385' allocation_ratio='0.3200' allocation_count='0.1385' exclusivity='0.7983'>
<word rank='1' count='461108' prob='0.51517' cumulative='0.51517' docs='61' word-length='127.0000' coherence='0.0000' uniform_dist='3.4539' corpus_dist='1.2078' token-doc-diff='0.0441' exclusivity='0.9913'>d__Bacteria_p__Proteobacteria_c__Deltaproteobacteria_o__Myxococcales_f__P3OB-42_g__uncultured-bacterium_s__uncultured-bacterium</word>
<word rank='2' count='48356' prob='0.05403' cumulative='0.56919' docs='6' word-length='138.0000' coherence='-2.7146' uniform_dist='0.2404' corpus_dist='0.1279' token-doc-diff='0.0051' exclusivity='1.0000'>d__Bacteria_p__Halanaerobiaeota_c__Halanaerobiia_o__Halanaerobiales_f__Halobacteroidaceae_g__uncultured_s__uncultured-Clostridia-bacterium</word>
<word rank='3' count='32432' prob='0.03623' cumulative='0.60543' docs='7' word-length='142.0000' coherence='-2.1595' uniform_dist='0.1467' corpus_dist='0.0853' token-doc-diff='0.0008' exclusivity='0.9785'>d__Bacteria_p__Cyanobacteria_c__Oxyphotobacteria_o__Nostocales_f__Nostocales-Incertae-Sedis_g__Oscillatoria-SAG8.92_s__Oscillatoria-corallinae</word>
<word rank='4' count='26961' prob='0.03012' cumulative='0.63555' docs='11' word-length='123.0000' coherence='-1.9099' uniform_dist='0.1164' corpus_dist='0.0713' token-doc-diff='0.0003' exclusivity='1.0000'>d__Bacteria_p__Cyanobacteria_c__Oxyphotobacteria_o__Phormidesmiales_f__Nodosilineaceae_g__MBIC10086_s__uncultured-bacterium</word>
<word rank='5' count='23360' prob='0.02610' cumulative='0.66165' docs='10' word-length='148.0000' coherence='-2.3597' uniform_dist='0.0971' corpus_dist='0.0590' token-doc-diff='0.0004' exclusivity='0.8499'>d__Bacteria_p__Bacteroidetes_c__Bacteroidia_o__Cytophagales_f__Amoebophilaceae_g__Candidatus-Amoebophilus_s__uncultured-Sphingobacteriales-bacterium</word>
<word rank='6' count='18818' prob='0.02102' cumulative='0.68267' docs='48' word-length='52.0000' coherence='-0.4019' uniform_dist='0.0737' corpus_dist='0.0139' token-doc-diff='0.0432' exclusivity='0.2197'>d__Bacteria_p__Proteobacteria_c__Alphaproteobacteria</word>
<word rank='7' count='15578' prob='0.01740' cumulative='0.70008' docs='21' word-length='134.0000' coherence='-1.2889' uniform_dist='0.0577' corpus_dist='0.0362' token-doc-diff='0.0123' exclusivity='0.8477'>d__Bacteria_p__Proteobacteria_c__Alphaproteobacteria_o__Sphingomonadales_f__Sphingomonadaceae_g__Sphingobium_s__Sphingobium-yanoikuyae</word>
<word rank='8' count='12724' prob='0.01422' cumulative='0.71429' docs='14' word-length='103.0000' coherence='-1.9337' uniform_dist='0.0443' corpus_dist='0.0208' token-doc-diff='0.0067' exclusivity='0.3016'>d__Bacteria_p__Proteobacteria_c__Alphaproteobacteria_o__Rhodobacterales_f__Rhodobacteraceae_g__Ruegeria</word>
<word rank='9' count='12702' prob='0.01419' cumulative='0.72848' docs='33' word-length='132.0000' coherence='-1.0845' uniform_dist='0.0442' corpus_dist='0.0242' token-doc-diff='0.0300' exclusivity='0.7973'>d__Bacteria_p__Epsilonbacteraeota_c__Campylobacteria_o__Campylobacterales_f__Helicobacteraceae_g__uncultured_s__uncultured-bacterium</word>
<word rank='10' count='12083' prob='0.01350' cumulative='0.74198' docs='3' word-length='142.0000' coherence='-5.5477' uniform_dist='0.0413' corpus_dist='0.0319' token-doc-diff='0.0001' exclusivity='0.9975'>d__Bacteria_p__Cyanobacteria_c__Oxyphotobacteria_o__Nostocales_f__Oscillatoriaceae_g__Phormidium-ETS-05_s__filamentous-cyanobacterium-odo1mo59</word>
</topic>
<topic id='3' tokens='5065711.0000' document_entropy='4.0273' word-length='95.1000' coherence='-21.9277' uniform_dist='7.0771' corpus_dist='0.5866' eff_num_words='1.0794' token-doc-diff='0.3837' rank_1_docs='0.5824' allocation_ratio='0.8833' allocation_count='0.5934' exclusivity='0.4196'>
<word rank='1' count='4875631' prob='0.96248' cumulative='0.96248' docs='91' word-length='98.0000' coherence='0.0000' uniform_dist='7.0544' corpus_dist='0.6076' token-doc-diff='0.1460' exclusivity='0.9910'>d__Bacteria_p__Proteobacteria_c__Alphaproteobacteria_o__Rickettsiales_f__Midichloriaceae_g__MD3-55</word>
<word rank='2' count='20371' prob='0.00402' cumulative='0.96650' docs='29' word-length='114.0000' coherence='-1.1426' uniform_dist='0.0074' corpus_dist='0.0018' token-doc-diff='0.0146' exclusivity='0.4056'>d__Bacteria_p__Proteobacteria_c__Gammaproteobacteria_o__Oceanospirillales_f__Endozoicomonadaceae_g__Endozoicomonas</word>
<word rank='3' count='18206' prob='0.00359' cumulative='0.97009' docs='35' word-length='11.0000' coherence='-0.9548' uniform_dist='0.0063' corpus_dist='0.0020' token-doc-diff='0.0190' exclusivity='0.7058'>Caedibacter</word>
<word rank='4' count='18179' prob='0.00359' cumulative='0.97368' docs='35' word-length='93.0000' coherence='-0.9548' uniform_dist='0.0062' corpus_dist='0.0020' token-doc-diff='0.0190' exclusivity='0.6981'>d__Bacteria_p__Proteobacteria_c__Gammaproteobacteria_o__Francisellales_f__Francisellaceae_g__</word>
<word rank='5' count='16389' prob='0.00324' cumulative='0.97692' docs='22' word-length='50.0000' coherence='-1.4183' uniform_dist='0.0053' corpus_dist='0.0019' token-doc-diff='0.0109' exclusivity='0.7614'>-taeniospiralis-group_s__Francisellaceae-bacterium</word>
<word rank='6' count='15700' prob='0.00310' cumulative='0.98002' docs='69' word-length='138.0000' coherence='-0.2766' uniform_dist='0.0049' corpus_dist='-0.0093' token-doc-diff='0.0429' exclusivity='0.0056'>d__Bacteria_p__Proteobacteria_c__Gammaproteobacteria_o__Oceanospirillales_f__Endozoicomonadaceae_g__Endozoicomonas_s__Acropora-cervicornis</word>
<word rank='7' count='10556' prob='0.00208' cumulative='0.98210' docs='60' word-length='132.0000' coherence='-0.4163' uniform_dist='0.0025' corpus_dist='-0.0005' token-doc-diff='0.0383' exclusivity='0.1171'>d__Bacteria_p__Epsilonbacteraeota_c__Campylobacteria_o__Campylobacterales_f__Helicobacteraceae_g__uncultured_s__uncultured-bacterium</word>
<word rank='8' count='9019' prob='0.00178' cumulative='0.98388' docs='19' word-length='95.0000' coherence='-2.2559' uniform_dist='0.0018' corpus_dist='0.0009' token-doc-diff='0.0105' exclusivity='0.5038'>d__Bacteria_p__Proteobacteria_c__Alphaproteobacteria_o__Rhizobiales_f__Stappiaceae_g__Labrenzia</word>
<word rank='9' count='7068' prob='0.00140' cumulative='0.98528' docs='63' word-length='127.0000' coherence='-0.3675' uniform_dist='0.0011' corpus_dist='-0.0050' token-doc-diff='0.0417' exclusivity='0.0027'>d__Bacteria_p__Proteobacteria_c__Deltaproteobacteria_o__Myxococcales_f__P3OB-42_g__uncultured-bacterium_s__uncultured-bacterium</word>
<word rank='10' count='6005' prob='0.00119' cumulative='0.98646' docs='61' word-length='93.0000' coherence='-0.3998' uniform_dist='0.0007' corpus_dist='-0.0029' token-doc-diff='0.0407' exclusivity='0.0053'>d__Bacteria_p__Proteobacteria_c__Gammaproteobacteria_o__Vibrionales_f__Vibrionaceae_g__Vibrio</word>
</topic>
<topic id='4' tokens='1031274.0000' document_entropy='3.1237' word-length='90.6000' coherence='-39.8108' uniform_dist='5.6254' corpus_dist='1.9852' eff_num_words='2.9283' token-doc-diff='0.1657' rank_1_docs='0.1053' allocation_ratio='0.2286' allocation_count='0.1447' exclusivity='0.6946'>
<word rank='1' count='571360' prob='0.55403' cumulative='0.55403' docs='74' word-length='138.0000' coherence='0.0000' uniform_dist='3.7548' corpus_dist='1.2169' token-doc-diff='0.0675' exclusivity='0.9934'>d__Bacteria_p__Proteobacteria_c__Gammaproteobacteria_o__Oceanospirillales_f__Endozoicomonadaceae_g__Endozoicomonas_s__Acropora-cervicornis</word>
<word rank='2' count='124405' prob='0.12063' cumulative='0.67467' docs='59' word-length='112.0000' coherence='-0.2435' uniform_dist='0.6336' corpus_dist='0.2553' token-doc-diff='0.0000' exclusivity='0.9390'>d__Bacteria_p__Proteobacteria_c__Gammaproteobacteria_o__Betaproteobacteriales_f__Burkholderiaceae_g__Cupriavidus</word>
<word rank='3' count='101923' prob='0.09883' cumulative='0.77350' docs='68' word-length='29.0000' coherence='-0.0993' uniform_dist='0.4994' corpus_dist='0.1808' token-doc-diff='0.0013' exclusivity='0.7983'>d__Bacteria_p__Proteobacteria</word>
<word rank='4' count='76557' prob='0.07424' cumulative='0.84773' docs='27' word-length='104.0000' coherence='-1.0804' uniform_dist='0.3539' corpus_dist='0.1612' token-doc-diff='0.0010' exclusivity='0.9407'>d__Bacteria_p__Proteobacteria_c__Gammaproteobacteria_o__Francisellales_f__Francisellaceae_g__Francisella</word>
<word rank='5' count='67789' prob='0.06573' cumulative='0.91347' docs='65' word-length='52.0000' coherence='-0.1456' uniform_dist='0.3054' corpus_dist='0.1185' token-doc-diff='0.0052' exclusivity='0.6868'>d__Bacteria_p__Proteobacteria_c__Alphaproteobacteria</word>
<word rank='6' count='15540' prob='0.01507' cumulative='0.92853' docs='62' word-length='40.0000' coherence='-0.1931' uniform_dist='0.0478' corpus_dist='0.0170' token-doc-diff='0.0248' exclusivity='0.4880'>d__Bacteria_p__Tenericutes_c__Mollicutes</word>
<word rank='7' count='9091' prob='0.00882' cumulative='0.93735' docs='62' word-length='107.0000' coherence='-0.1856' uniform_dist='0.0232' corpus_dist='0.0101' token-doc-diff='0.0305' exclusivity='0.3783'>d__Bacteria_p__Cyanobacteria_c__Oxyphotobacteria_o__Synechococcales_f__Cyanobiaceae_g__Synechococcus-CC9902</word>
<word rank='8' count='4038' prob='0.00392' cumulative='0.94127' docs='8' word-length='125.0000' coherence='-2.2681' uniform_dist='0.0071' corpus_dist='0.0086' token-doc-diff='0.0020' exclusivity='0.9527'>d__Bacteria_p__Proteobacteria_c__Alphaproteobacteria_o__Rickettsiales_f__Rickettsiaceae_g__uncultured_s__uncultured-bacterium</word>
<word rank='9' count='3684' prob='0.00357' cumulative='0.94484' docs='7' word-length='72.0000' coherence='-2.4212' uniform_dist='0.0062' corpus_dist='0.0071' token-doc-diff='0.0017' exclusivity='0.7625'>d__Bacteria_p__Proteobacteria_c__Alphaproteobacteria_o__Rhodospirillales</word>
<word rank='10' count='3204' prob='0.00311' cumulative='0.94794' docs='53' word-length='127.0000' coherence='-0.3396' uniform_dist='0.0050' corpus_dist='-0.0086' token-doc-diff='0.0316' exclusivity='0.0060'>d__Bacteria_p__Proteobacteria_c__Deltaproteobacteria_o__Myxococcales_f__P3OB-42_g__uncultured-bacterium_s__uncultured-bacterium</word>
</topic>
</model>

