<?xml version="1.0" encoding="UTF-8"?>
<model>
<topic id='0' tokens='1726793.0000' document_entropy='3.2688' word-length='90.7000' coherence='-46.8950' uniform_dist='6.4329' corpus_dist='1.5634' eff_num_words='1.4347' token-doc-diff='0.2776' rank_1_docs='0.2278' allocation_ratio='0.4146' allocation_count='0.2532' exclusivity='0.5039'>
<word rank='1' count='1436855' prob='0.83209' cumulative='0.83209' docs='79' word-length='97.0000' coherence='0.0000' uniform_dist='5.9777' corpus_dist='1.3819' token-doc-diff='0.1059' exclusivity='0.7843'>d__Bacteria_p__Spirochaetes_c__Spirochaetia_o__Spirochaetales_f__Spirochaetaceae_g__Spirochaeta-2</word>
<word rank='2' count='101741' prob='0.05892' cumulative='0.89101' docs='11' word-length='150.0000' coherence='-1.9697' uniform_dist='0.2673' corpus_dist='0.1007' token-doc-diff='0.0028' exclusivity='0.9981'>d__Bacteria_p__Proteobacteria_c__Gammaproteobacteria_o__Oceanospirillales_f__Endozoicomonadaceae_g__Endozoicomonas_s__uncultured-gamma-proteobacterium</word>
<word rank='3' count='35306' prob='0.02045' cumulative='0.91146' docs='60' word-length='29.0000' coherence='-0.2750' uniform_dist='0.0711' corpus_dist='0.0052' token-doc-diff='0.0301' exclusivity='0.1069'>d__Bacteria_p__Proteobacteria</word>
<word rank='4' count='31890' prob='0.01847' cumulative='0.92993' docs='24' word-length='156.0000' coherence='-1.2937' uniform_dist='0.0623' corpus_dist='0.0275' token-doc-diff='0.0064' exclusivity='0.4897'>d__Bacteria_p__Proteobacteria_c__Deltaproteobacteria_o__SAR324-clade(Marine-group-B)_f__uncultured-bacterium_g__uncultured-bacterium_s__uncultured-bacterium</word>
<word rank='5' count='30431' prob='0.01762' cumulative='0.94755' docs='60' word-length='40.0000' coherence='-0.2750' uniform_dist='0.0587' corpus_dist='0.0226' token-doc-diff='0.0324' exclusivity='0.4398'>d__Bacteria_p__Tenericutes_c__Mollicutes</word>
<word rank='6' count='11498' prob='0.00666' cumulative='0.95421' docs='53' word-length='52.0000' coherence='-0.3990' uniform_dist='0.0157' corpus_dist='-0.0032' token-doc-diff='0.0374' exclusivity='0.0330'>d__Bacteria_p__Proteobacteria_c__Alphaproteobacteria</word>
<word rank='7' count='6519' prob='0.00378' cumulative='0.95798' docs='11' word-length='43.0000' coherence='-2.4744' uniform_dist='0.0068' corpus_dist='0.0059' token-doc-diff='0.0055' exclusivity='0.6956'>d__Bacteria_p__Bacteroidetes_c__Bacteroidia</word>
<word rank='8' count='6308' prob='0.00365' cumulative='0.96164' docs='22' word-length='101.0000' coherence='-1.6954' uniform_dist='0.0064' corpus_dist='0.0048' token-doc-diff='0.0145' exclusivity='0.4349'>d__Bacteria_p__Proteobacteria_c__Gammaproteobacteria_o__Vibrionales_f__Vibrionaceae_g__Photobacterium</word>
<word rank='9' count='4108' prob='0.00238' cumulative='0.96402' docs='8' word-length='132.0000' coherence='-3.1562' uniform_dist='0.0032' corpus_dist='0.0041' token-doc-diff='0.0043' exclusivity='0.9998'>d__Bacteria_p__Spirochaetes_c__Spirochaetia_o__Spirochaetales_f__Spirochaetaceae_g__Spirochaeta-2_s__Spirochaeta-sp.-LUC14_002_19_P3</word>
<word rank='10' count='4009' prob='0.00232' cumulative='0.96634' docs='47' word-length='107.0000' coherence='-0.6922' uniform_dist='0.0030' corpus_dist='-0.0004' token-doc-diff='0.0383' exclusivity='0.0567'>d__Bacteria_p__Cyanobacteria_c__Oxyphotobacteria_o__Synechococcales_f__Cyanobiaceae_g__Synechococcus-CC9902</word>
</topic>
<topic id='1' tokens='299379.0000' document_entropy='1.5838' word-length='107.4000' coherence='-49.7237' uniform_dist='3.6535' corpus_dist='3.0307' eff_num_words='14.7660' token-doc-diff='0.0270' rank_1_docs='0.1212' allocation_ratio='0.8000' allocation_count='0.1212' exclusivity='0.8092'>
<word rank='1' count='43183' prob='0.14424' cumulative='0.14424' docs='18' word-length='129.0000' coherence='0.0000' uniform_dist='0.7834' corpus_dist='0.4924' token-doc-diff='0.0041' exclusivity='0.9373'>d__Bacteria_p__Proteobacteria_c__Gammaproteobacteria_o__Alteromonadales_f__Colwelliaceae_g__Thalassotalea_s__uncultured-bacterium</word>
<word rank='2' count='37954' prob='0.12678' cumulative='0.27102' docs='28' word-length='91.0000' coherence='-0.2509' uniform_dist='0.6722' corpus_dist='0.4266' token-doc-diff='0.0004' exclusivity='0.9436'>d__Bacteria_p__Proteobacteria_c__Alphaproteobacteria_o__Rhodobacterales_f__Rhodobacteraceae</word>
<word rank='3' count='37156' prob='0.12411' cumulative='0.39513' docs='15' word-length='62.0000' coherence='-0.8093' uniform_dist='0.6554' corpus_dist='0.3087' token-doc-diff='0.0040' exclusivity='0.3752'>d__Bacteria_p__Cyanobacteria_c__Oxyphotobacteria_o__Nostocales</word>
<word rank='4' count='19561' prob='0.06534' cumulative='0.46047' docs='17' word-length='125.0000' coherence='-0.6273' uniform_dist='0.3031' corpus_dist='0.2253' token-doc-diff='0.0012' exclusivity='0.9832'>d__Bacteria_p__Proteobacteria_c__Alphaproteobacteria_o__Rhodobacterales_f__Rhodobacteraceae_g__Shimia_s__uncultured-bacterium</word>
<word rank='5' count='18603' prob='0.06214' cumulative='0.52261' docs='6' word-length='109.0000' coherence='-1.7190' uniform_dist='0.2852' corpus_dist='0.2132' token-doc-diff='0.0039' exclusivity='0.9654'>d__Bacteria_p__Proteobacteria_c__Gammaproteobacteria_o__Oceanospirillales_f__Nitrincolaceae_g__Neptuniibacter</word>
<word rank='6' count='18171' prob='0.06070' cumulative='0.58330' docs='16' word-length='103.0000' coherence='-0.8093' uniform_dist='0.2771' corpus_dist='0.1770' token-doc-diff='0.0012' exclusivity='0.5833'>d__Bacteria_p__Proteobacteria_c__Alphaproteobacteria_o__Rhodobacterales_f__Rhodobacteraceae_g__Ruegeria</word>
<word rank='7' count='9773' prob='0.03264' cumulative='0.61595' docs='6' word-length='87.0000' coherence='-1.9410' uniform_dist='0.1288' corpus_dist='0.0862' token-doc-diff='0.0000' exclusivity='0.5170'>d__Bacteria_p__Cyanobacteria_c__Oxyphotobacteria_o__Phormidesmiales_f__Phormidesmiaceae</word>
<word rank='8' count='8477' prob='0.02832' cumulative='0.64426' docs='12' word-length='105.0000' coherence='-1.7728' uniform_dist='0.1077' corpus_dist='0.0959' token-doc-diff='0.0047' exclusivity='0.9605'>d__Bacteria_p__Proteobacteria_c__Gammaproteobacteria_o__Alteromonadales_f__Colwelliaceae_g__Thalassotalea</word>
<word rank='9' count='6327' prob='0.02113' cumulative='0.66539' docs='4' word-length='130.0000' coherence='-2.2268' uniform_dist='0.0742' corpus_dist='0.0732' token-doc-diff='0.0000' exclusivity='1.0000'>d__Bacteria_p__Proteobacteria_c__Gammaproteobacteria_o__Alteromonadales_f__Alteromonadaceae_g__Agaribacter_s__uncultured-bacterium</word>
<word rank='10' count='4692' prob='0.01567' cumulative='0.68107' docs='10' word-length='133.0000' coherence='-1.1332' uniform_dist='0.0503' corpus_dist='0.0506' token-doc-diff='0.0074' exclusivity='0.8261'>d__Bacteria_p__Proteobacteria_c__Gammaproteobacteria_o__Alteromonadales_f__Pseudoalteromonadaceae_g__Algicola_s__uncultured-bacterium</word>
</topic>
<topic id='2' tokens='4169519.0000' document_entropy='3.9554' word-length='105.8000' coherence='-39.2929' uniform_dist='7.2734' corpus_dist='0.6399' eff_num_words='1.0231' token-doc-diff='0.4178' rank_1_docs='0.5875' allocation_ratio='0.8182' allocation_count='0.6375' exclusivity='0.0995'>
<word rank='1' count='4122185' prob='0.98865' cumulative='0.98865' docs='80' word-length='98.0000' coherence='0.0000' uniform_dist='7.2728' corpus_dist='0.6506' token-doc-diff='0.1520' exclusivity='0.4235'>d__Bacteria_p__Proteobacteria_c__Alphaproteobacteria_o__Rickettsiales_f__Midichloriaceae_g__MD3-55</word>
<word rank='2' count='19599' prob='0.00470' cumulative='0.99335' docs='28' word-length='114.0000' coherence='-1.0493' uniform_dist='0.0094' corpus_dist='0.0028' token-doc-diff='0.0154' exclusivity='0.2733'>d__Bacteria_p__Proteobacteria_c__Gammaproteobacteria_o__Oceanospirillales_f__Endozoicomonadaceae_g__Endozoicomonas</word>
<word rank='3' count='5837' prob='0.00140' cumulative='0.99475' docs='55' word-length='132.0000' coherence='-0.3746' uniform_dist='0.0011' corpus_dist='-0.0009' token-doc-diff='0.0406' exclusivity='0.0463'>d__Bacteria_p__Epsilonbacteraeota_c__Campylobacteria_o__Campylobacterales_f__Helicobacteraceae_g__uncultured_s__uncultured-bacterium</word>
<word rank='4' count='2032' prob='0.00049' cumulative='0.99524' docs='57' word-length='127.0000' coherence='-0.3389' uniform_dist='-0.0001' corpus_dist='-0.0023' token-doc-diff='0.0442' exclusivity='0.0007'>d__Bacteria_p__Proteobacteria_c__Deltaproteobacteria_o__Myxococcales_f__P3OB-42_g__uncultured-bacterium_s__uncultured-bacterium</word>
<word rank='5' count='1992' prob='0.00048' cumulative='0.99571' docs='56' word-length='107.0000' coherence='-0.3566' uniform_dist='-0.0001' corpus_dist='-0.0008' token-doc-diff='0.0434' exclusivity='0.0117'>d__Bacteria_p__Cyanobacteria_c__Oxyphotobacteria_o__Synechococcales_f__Cyanobiaceae_g__Synechococcus-CC9902</word>
<word rank='6' count='1282' prob='0.00031' cumulative='0.99602' docs='56' word-length='138.0000' coherence='-0.3874' uniform_dist='-0.0002' corpus_dist='-0.0016' token-doc-diff='0.0438' exclusivity='0.0004'>d__Bacteria_p__Proteobacteria_c__Gammaproteobacteria_o__Oceanospirillales_f__Endozoicomonadaceae_g__Endozoicomonas_s__Acropora-cervicornis</word>
<word rank='7' count='1114' prob='0.00027' cumulative='0.99629' docs='47' word-length='52.0000' coherence='-0.5590' uniform_dist='-0.0002' corpus_dist='-0.0010' token-doc-diff='0.0368' exclusivity='0.0013'>d__Bacteria_p__Proteobacteria_c__Alphaproteobacteria</word>
<word rank='8' count='952' prob='0.00023' cumulative='0.99652' docs='29' word-length='156.0000' coherence='-1.2507' uniform_dist='-0.0002' corpus_dist='-0.0007' token-doc-diff='0.0225' exclusivity='0.0061'>d__Bacteria_p__Proteobacteria_c__Deltaproteobacteria_o__SAR324-clade(Marine-group-B)_f__uncultured-bacterium_g__uncultured-bacterium_s__uncultured-bacterium</word>
<word rank='9' count='897' prob='0.00022' cumulative='0.99673' docs='12' word-length='45.0000' coherence='-2.2618' uniform_dist='-0.0002' corpus_dist='-0.0000' token-doc-diff='0.0090' exclusivity='0.0616'>-taeniospiralis-group_s__uncultured-bacterium</word>
<word rank='10' count='739' prob='0.00018' cumulative='0.99691' docs='13' word-length='89.0000' coherence='-1.9760' uniform_dist='-0.0002' corpus_dist='0.0001' token-doc-diff='0.0099' exclusivity='0.1703'>d__Bacteria_p__Proteobacteria_c__Gammaproteobacteria_o__Francisellales_f__Francisellaceae</word>
</topic>
<topic id='3' tokens='315202.0000' document_entropy='2.7629' word-length='95.5000' coherence='-28.1272' uniform_dist='5.3791' corpus_dist='0.9504' eff_num_words='3.4982' token-doc-diff='0.1159' rank_1_docs='0.0000' allocation_ratio='0.0000' allocation_count='0.0870' exclusivity='0.6191'>
<word rank='1' count='158333' prob='0.50232' cumulative='0.50232' docs='46' word-length='98.0000' coherence='0.0000' uniform_dist='3.3551' corpus_dist='-0.0095' token-doc-diff='0.0572' exclusivity='0.2152'>d__Bacteria_p__Proteobacteria_c__Alphaproteobacteria_o__Rickettsiales_f__Midichloriaceae_g__MD3-55</word>
<word rank='2' count='45355' prob='0.14389' cumulative='0.64621' docs='43' word-length='97.0000' coherence='-0.0674' uniform_dist='0.7812' corpus_dist='-0.0136' token-doc-diff='0.0001' exclusivity='0.1356'>d__Bacteria_p__Spirochaetes_c__Spirochaetia_o__Spirochaetales_f__Spirochaetaceae_g__Spirochaeta-2</word>
<word rank='3' count='19006' prob='0.06030' cumulative='0.70651' docs='32' word-length='93.0000' coherence='-0.3627' uniform_dist='0.2749' corpus_dist='0.2039' token-doc-diff='0.0027' exclusivity='0.9697'>d__Bacteria_p__Proteobacteria_c__Gammaproteobacteria_o__Francisellales_f__Francisellaceae_g__</word>
<word rank='4' count='18999' prob='0.06028' cumulative='0.76679' docs='32' word-length='11.0000' coherence='-0.3627' uniform_dist='0.2748' corpus_dist='0.2038' token-doc-diff='0.0027' exclusivity='0.9697'>Caedibacter</word>
<word rank='5' count='17266' prob='0.05478' cumulative='0.82157' docs='22' word-length='50.0000' coherence='-0.7371' uniform_dist='0.2445' corpus_dist='0.1868' token-doc-diff='0.0004' exclusivity='1.0000'>-taeniospiralis-group_s__Francisellaceae-bacterium</word>
<word rank='6' count='9531' prob='0.03024' cumulative='0.85180' docs='39' word-length='112.0000' coherence='-0.1650' uniform_dist='0.1170' corpus_dist='0.0222' token-doc-diff='0.0162' exclusivity='0.0873'>d__Bacteria_p__Proteobacteria_c__Gammaproteobacteria_o__Betaproteobacteriales_f__Burkholderiaceae_g__Cupriavidus</word>
<word rank='7' count='9409' prob='0.02985' cumulative='0.88165' docs='21' word-length='95.0000' coherence='-0.9796' uniform_dist='0.1151' corpus_dist='0.0993' token-doc-diff='0.0038' exclusivity='0.9226'>d__Bacteria_p__Proteobacteria_c__Alphaproteobacteria_o__Rhizobiales_f__Stappiaceae_g__Labrenzia</word>
<word rank='8' count='4894' prob='0.01553' cumulative='0.89718' docs='8' word-length='142.0000' coherence='-2.0744' uniform_dist='0.0497' corpus_dist='0.0519' token-doc-diff='0.0006' exclusivity='0.9701'>d__Bacteria_p__Proteobacteria_c__Alphaproteobacteria_o__Rhodovibrionales_f__Kiloniellaceae_g__Kiloniella_s__Kiloniellaceae-bacterium-EF3B-B119</word>
<word rank='9' count='3787' prob='0.01201' cumulative='0.90919' docs='25' word-length='101.0000' coherence='-0.6319' uniform_dist='0.0354' corpus_dist='0.0362' token-doc-diff='0.0148' exclusivity='0.6857'>d__Bacteria_p__Bacteroidetes_c__Bacteroidia_o__Flavobacteriales_f__Flavobacteriaceae_g__Tenacibaculum</word>
<word rank='10' count='2799' prob='0.00888' cumulative='0.91807' docs='25' word-length='156.0000' coherence='-0.6093' uniform_dist='0.0235' corpus_dist='0.0067' token-doc-diff='0.0173' exclusivity='0.2355'>d__Bacteria_p__Proteobacteria_c__Deltaproteobacteria_o__SAR324-clade(Marine-group-B)_f__uncultured-bacterium_g__uncultured-bacterium_s__uncultured-bacterium</word>
</topic>
<topic id='4' tokens='713632.0000' document_entropy='2.7223' word-length='117.3000' coherence='-92.7212' uniform_dist='5.3470' corpus_dist='2.3540' eff_num_words='2.2996' token-doc-diff='0.1974' rank_1_docs='0.0986' allocation_ratio='0.2609' allocation_count='0.0986' exclusivity='0.7149'>
<word rank='1' count='467933' prob='0.65571' cumulative='0.65571' docs='70' word-length='127.0000' coherence='0.0000' uniform_dist='4.5543' corpus_dist='1.6955' token-doc-diff='0.0743' exclusivity='0.9915'>d__Bacteria_p__Proteobacteria_c__Deltaproteobacteria_o__Myxococcales_f__P3OB-42_g__uncultured-bacterium_s__uncultured-bacterium</word>
<word rank='2' count='26961' prob='0.03778' cumulative='0.69349' docs='11' word-length='123.0000' coherence='-1.8488' uniform_dist='0.1546' corpus_dist='0.0980' token-doc-diff='0.0001' exclusivity='1.0000'>d__Bacteria_p__Cyanobacteria_c__Oxyphotobacteria_o__Phormidesmiales_f__Nodosilineaceae_g__MBIC10086_s__uncultured-bacterium</word>
<word rank='3' count='23318' prob='0.03268' cumulative='0.72616' docs='12' word-length='148.0000' coherence='-2.3772' uniform_dist='0.1290' corpus_dist='0.0813' token-doc-diff='0.0000' exclusivity='0.7873'>d__Bacteria_p__Bacteroidetes_c__Bacteroidia_o__Cytophagales_f__Amoebophilaceae_g__Candidatus-Amoebophilus_s__uncultured-Sphingobacteriales-bacterium</word>
<word rank='4' count='15227' prob='0.02134' cumulative='0.74750' docs='19' word-length='134.0000' coherence='-1.6954' uniform_dist='0.0751' corpus_dist='0.0488' token-doc-diff='0.0046' exclusivity='0.6301'>d__Bacteria_p__Proteobacteria_c__Alphaproteobacteria_o__Sphingomonadales_f__Sphingomonadaceae_g__Sphingobium_s__Sphingobium-yanoikuyae</word>
<word rank='5' count='14108' prob='0.01977' cumulative='0.76727' docs='51' word-length='52.0000' coherence='-0.4588' uniform_dist='0.0681' corpus_dist='0.0119' token-doc-diff='0.0331' exclusivity='0.0979'>d__Bacteria_p__Proteobacteria_c__Alphaproteobacteria</word>
<word rank='6' count='13641' prob='0.01911' cumulative='0.78638' docs='39' word-length='132.0000' coherence='-0.8728' uniform_dist='0.0652' corpus_dist='0.0382' token-doc-diff='0.0221' exclusivity='0.6321'>d__Bacteria_p__Epsilonbacteraeota_c__Campylobacteria_o__Campylobacterales_f__Helicobacteraceae_g__uncultured_s__uncultured-bacterium</word>
<word rank='7' count='10845' prob='0.01520' cumulative='0.80158' docs='28' word-length='133.0000' coherence='-1.2937' uniform_dist='0.0483' corpus_dist='0.0332' token-doc-diff='0.0148' exclusivity='0.7494'>d__Bacteria_p__Proteobacteria_c__Gammaproteobacteria_o__Francisellales_f__Francisellaceae_g__uncultured_s__uncultured-Caedibacter-sp.</word>
<word rank='8' count='10333' prob='0.01448' cumulative='0.81606' docs='57' word-length='107.0000' coherence='-0.2870' uniform_dist='0.0454' corpus_dist='0.0238' token-doc-diff='0.0444' exclusivity='0.3536'>d__Bacteria_p__Cyanobacteria_c__Oxyphotobacteria_o__Synechococcales_f__Cyanobiaceae_g__Synechococcus-CC9902</word>
<word rank='9' count='9577' prob='0.01342' cumulative='0.82948' docs='1' word-length='94.0000' coherence='-6.1692' uniform_dist='0.0410' corpus_dist='0.0342' token-doc-diff='0.0022' exclusivity='0.9067'>d__Bacteria_p__Bacteroidetes_c__Bacteroidia_o__Cytophagales_f__Cyclobacteriaceae_g__Fulvivirga</word>
<word rank='10' count='8331' prob='0.01167' cumulative='0.84115' docs='1' word-length='123.0000' coherence='-7.4333' uniform_dist='0.0341' corpus_dist='0.0303' token-doc-diff='0.0017' exclusivity='1.0000'>d__Bacteria_p__Proteobacteria_c__Deltaproteobacteria_o__Myxococcales_f__Haliangiaceae_g__Haliangium_s__uncultured-bacterium</word>
</topic>
<topic id='5' tokens='407963.0000' document_entropy='2.1155' word-length='93.7000' coherence='-40.7752' uniform_dist='4.6754' corpus_dist='2.7836' eff_num_words='7.0231' token-doc-diff='0.0768' rank_1_docs='0.0976' allocation_ratio='0.2857' allocation_count='0.1220' exclusivity='0.8073'>
<word rank='1' count='127541' prob='0.31263' cumulative='0.31263' docs='33' word-length='112.0000' coherence='0.0000' uniform_dist='1.9399' corpus_dist='0.9594' token-doc-diff='0.0184' exclusivity='0.9025'>d__Bacteria_p__Proteobacteria_c__Gammaproteobacteria_o__Betaproteobacteriales_f__Burkholderiaceae_g__Cupriavidus</word>
<word rank='2' count='62287' prob='0.15268' cumulative='0.46531' docs='26' word-length='52.0000' coherence='-0.3607' uniform_dist='0.8379' corpus_dist='0.4040' token-doc-diff='0.0014' exclusivity='0.7558'>d__Bacteria_p__Proteobacteria_c__Alphaproteobacteria</word>
<word rank='3' count='42082' prob='0.10315' cumulative='0.56846' docs='7' word-length='118.0000' coherence='-2.1052' uniform_dist='0.5257' corpus_dist='0.3250' token-doc-diff='0.0124' exclusivity='0.9982'>d__Bacteria_p__Bacteroidetes_c__Bacteroidia_o__Cytophagales_f__Cyclobacteriaceae_g__Fulvivirga_s__uncultured-bacterium</word>
<word rank='4' count='22893' prob='0.05612' cumulative='0.62457' docs='22' word-length='110.0000' coherence='-0.8429' uniform_dist='0.2518' corpus_dist='0.1749' token-doc-diff='0.0038' exclusivity='0.9830'>d__Bacteria_p__Proteobacteria_c__Gammaproteobacteria_o__Betaproteobacteriales_f__Burkholderiaceae_g__Ralstonia</word>
<word rank='5' count='16840' prob='0.04128' cumulative='0.66585' docs='19' word-length='80.0000' coherence='-0.8429' uniform_dist='0.1726' corpus_dist='0.1234' token-doc-diff='0.0050' exclusivity='0.9170'>d__Bacteria_p__Firmicutes_c__Bacilli_o__Bacillales_f__Bacillaceae_g__Geobacillus</word>
<word rank='6' count='13849' prob='0.03395' cumulative='0.69980' docs='11' word-length='128.0000' coherence='-1.9264' uniform_dist='0.1353' corpus_dist='0.1062' token-doc-diff='0.0009' exclusivity='0.9921'>d__Bacteria_p__Actinobacteria_c__Actinobacteria_o__Corynebacteriales_f__Corynebacteriaceae_g__Lawsonella_s__uncultured-bacterium</word>
<word rank='7' count='13182' prob='0.03231' cumulative='0.73211' docs='17' word-length='110.0000' coherence='-0.8565' uniform_dist='0.1272' corpus_dist='0.1004' token-doc-diff='0.0058' exclusivity='0.9785'>d__Bacteria_p__Deinococcus-Thermus_c__Deinococci_o__Thermales_f__Thermaceae_g__Thermus_s__Thermus-thermophilus</word>
<word rank='8' count='12439' prob='0.03049' cumulative='0.76260' docs='4' word-length='87.0000' coherence='-2.5544' uniform_dist='0.1182' corpus_dist='0.0784' token-doc-diff='0.0010' exclusivity='0.4829'>d__Bacteria_p__Cyanobacteria_c__Oxyphotobacteria_o__Phormidesmiales_f__Phormidesmiaceae</word>
<word rank='9' count='8913' prob='0.02185' cumulative='0.78445' docs='25' word-length='29.0000' coherence='-0.5572' uniform_dist='0.0774' corpus_dist='0.0070' token-doc-diff='0.0210' exclusivity='0.1142'>d__Bacteria_p__Proteobacteria</word>
<word rank='10' count='8335' prob='0.02043' cumulative='0.80488' docs='14' word-length='111.0000' coherence='-1.2446' uniform_dist='0.0710' corpus_dist='0.0624' token-doc-diff='0.0072' exclusivity='0.9493'>d__Bacteria_p__Actinobacteria_c__Actinobacteria_o__Corynebacteriales_f__Corynebacteriaceae_g__Corynebacterium-1</word>
</topic>
<topic id='6' tokens='721278.0000' document_entropy='2.6258' word-length='90.1000' coherence='-39.5336' uniform_dist='6.1704' corpus_dist='2.2539' eff_num_words='2.0112' token-doc-diff='0.2093' rank_1_docs='0.1000' allocation_ratio='0.3333' allocation_count='0.1333' exclusivity='0.4464'>
<word rank='1' count='491946' prob='0.68205' cumulative='0.68205' docs='59' word-length='138.0000' coherence='0.0000' uniform_dist='4.7641' corpus_dist='1.6399' token-doc-diff='0.0766' exclusivity='0.8356'>d__Bacteria_p__Proteobacteria_c__Gammaproteobacteria_o__Oceanospirillales_f__Endozoicomonadaceae_g__Endozoicomonas_s__Acropora-cervicornis</word>
<word rank='2' count='106681' prob='0.14791' cumulative='0.82995' docs='53' word-length='29.0000' coherence='-0.1262' uniform_dist='0.8071' corpus_dist='0.3302' token-doc-diff='0.0004' exclusivity='0.7733'>d__Bacteria_p__Proteobacteria</word>
<word rank='3' count='69755' prob='0.09671' cumulative='0.92666' docs='24' word-length='104.0000' coherence='-0.8989' uniform_dist='0.4866' corpus_dist='0.2356' token-doc-diff='0.0006' exclusivity='0.8143'>d__Bacteria_p__Proteobacteria_c__Gammaproteobacteria_o__Francisellales_f__Francisellaceae_g__Francisella</word>
<word rank='4' count='15298' prob='0.02121' cumulative='0.94787' docs='44' word-length='40.0000' coherence='-0.2932' uniform_dist='0.0745' corpus_dist='0.0312' token-doc-diff='0.0252' exclusivity='0.5293'>d__Bacteria_p__Tenericutes_c__Mollicutes</word>
<word rank='5' count='12924' prob='0.01792' cumulative='0.96579' docs='38' word-length='52.0000' coherence='-0.4437' uniform_dist='0.0600' corpus_dist='0.0090' token-doc-diff='0.0220' exclusivity='0.0887'>d__Bacteria_p__Proteobacteria_c__Alphaproteobacteria</word>
<word rank='6' count='1285' prob='0.00178' cumulative='0.96757' docs='4' word-length='95.0000' coherence='-3.1562' uniform_dist='0.0018' corpus_dist='0.0046' token-doc-diff='0.0024' exclusivity='0.9764'>d__Bacteria_p__Bacteroidetes_c__Bacteroidia_o__Cytophagales_f__Flammeovirgaceae_g__Flammeovirga</word>
<word rank='7' count='1257' prob='0.00174' cumulative='0.96932' docs='29' word-length='107.0000' coherence='-0.7117' uniform_dist='0.0018' corpus_dist='-0.0008' token-doc-diff='0.0290' exclusivity='0.0426'>d__Bacteria_p__Cyanobacteria_c__Oxyphotobacteria_o__Synechococcales_f__Cyanobiaceae_g__Synechococcus-CC9902</word>
<word rank='8' count='1241' prob='0.00172' cumulative='0.97104' docs='20' word-length='93.0000' coherence='-1.0810' uniform_dist='0.0017' corpus_dist='0.0014' token-doc-diff='0.0192' exclusivity='0.1619'>d__Bacteria_p__Proteobacteria_c__Alphaproteobacteria_o__Sphingomonadales_f__Sphingomonadaceae</word>
<word rank='9' count='1194' prob='0.00166' cumulative='0.97269' docs='13' word-length='133.0000' coherence='-1.5849' uniform_dist='0.0016' corpus_dist='-0.0000' token-doc-diff='0.0117' exclusivity='0.0816'>d__Bacteria_p__Proteobacteria_c__Gammaproteobacteria_o__Francisellales_f__Francisellaceae_g__uncultured_s__uncultured-Caedibacter-sp.</word>
<word rank='10' count='843' prob='0.00117' cumulative='0.97386' docs='22' word-length='110.0000' coherence='-0.9858' uniform_dist='0.0007' corpus_dist='0.0008' token-doc-diff='0.0223' exclusivity='0.1607'>d__Bacteria_p__Cyanobacteria_c__Oxyphotobacteria_o__Synechococcales_f__Cyanobiaceae_g__Prochlorococcus-MIT9313</word>
</topic>
<topic id='7' tokens='718400.0000' document_entropy='3.1193' word-length='115.7000' coherence='-30.1219' uniform_dist='6.7626' corpus_dist='0.5307' eff_num_words='1.3824' token-doc-diff='0.2977' rank_1_docs='0.0845' allocation_ratio='0.1515' allocation_count='0.1127' exclusivity='0.2374'>
<word rank='1' count='603872' prob='0.84058' cumulative='0.84058' docs='71' word-length='98.0000' coherence='0.0000' uniform_dist='6.0472' corpus_dist='0.4168' token-doc-diff='0.1118' exclusivity='0.3601'>d__Bacteria_p__Proteobacteria_c__Alphaproteobacteria_o__Rickettsiales_f__Midichloriaceae_g__MD3-55</word>
<word rank='2' count='92833' prob='0.12922' cumulative='0.96980' docs='68' word-length='138.0000' coherence='-0.0432' uniform_dist='0.6877' corpus_dist='0.0957' token-doc-diff='0.0023' exclusivity='0.1583'>d__Bacteria_p__Proteobacteria_c__Gammaproteobacteria_o__Oceanospirillales_f__Endozoicomonadaceae_g__Endozoicomonas_s__Acropora-cervicornis</word>
<word rank='3' count='5294' prob='0.00737' cumulative='0.97717' docs='10' word-length='93.0000' coherence='-1.9581' uniform_dist='0.0181' corpus_dist='0.0184' token-doc-diff='0.0030' exclusivity='0.8154'>d__Bacteria_p__Bacteroidetes_c__Bacteroidia_o__Cytophagales_f__Microscillaceae_g__Microscilla</word>
<word rank='4' count='3965' prob='0.00552' cumulative='0.98269' docs='44' word-length='132.0000' coherence='-0.4783' uniform_dist='0.0120' corpus_dist='0.0042' token-doc-diff='0.0318' exclusivity='0.1825'>d__Bacteria_p__Epsilonbacteraeota_c__Campylobacteria_o__Campylobacterales_f__Helicobacteraceae_g__uncultured_s__uncultured-bacterium</word>
<word rank='5' count='2486' prob='0.00346' cumulative='0.98615' docs='18' word-length='101.0000' coherence='-1.3714' uniform_dist='0.0059' corpus_dist='0.0043' token-doc-diff='0.0117' exclusivity='0.4120'>d__Bacteria_p__Proteobacteria_c__Gammaproteobacteria_o__Vibrionales_f__Vibrionaceae_g__Photobacterium</word>
<word rank='6' count='1157' prob='0.00161' cumulative='0.98776' docs='14' word-length='142.0000' coherence='-1.6223' uniform_dist='0.0015' corpus_dist='0.0033' token-doc-diff='0.0103' exclusivity='0.4016'>d__Bacteria_p__Bacteroidetes_c__Bacteroidia_o__Flavobacteriales_f__Flavobacteriaceae_g__Tenacibaculum_s__uncultured-Flavobacteriales-bacterium</word>
<word rank='7' count='742' prob='0.00103' cumulative='0.98879' docs='43' word-length='93.0000' coherence='-0.5013' uniform_dist='0.0005' corpus_dist='-0.0027' token-doc-diff='0.0377' exclusivity='0.0014'>d__Bacteria_p__Proteobacteria_c__Gammaproteobacteria_o__Vibrionales_f__Vibrionaceae_g__Vibrio</word>
<word rank='8' count='690' prob='0.00096' cumulative='0.98975' docs='38' word-length='107.0000' coherence='-0.6248' uniform_dist='0.0004' corpus_dist='-0.0010' token-doc-diff='0.0332' exclusivity='0.0235'>d__Bacteria_p__Cyanobacteria_c__Oxyphotobacteria_o__Synechococcales_f__Cyanobiaceae_g__Synechococcus-CC9902</word>
<word rank='9' count='575' prob='0.00080' cumulative='0.99055' docs='39' word-length='97.0000' coherence='-0.5989' uniform_dist='0.0002' corpus_dist='-0.0042' token-doc-diff='0.0344' exclusivity='0.0008'>d__Bacteria_p__Spirochaetes_c__Spirochaetia_o__Spirochaetales_f__Spirochaetaceae_g__Spirochaeta-2</word>
<word rank='10' count='514' prob='0.00072' cumulative='0.99127' docs='25' word-length='156.0000' coherence='-1.0432' uniform_dist='0.0001' corpus_dist='-0.0013' token-doc-diff='0.0217' exclusivity='0.0190'>d__Bacteria_p__Proteobacteria_c__Deltaproteobacteria_o__SAR324-clade(Marine-group-B)_f__uncultured-bacterium_g__uncultured-bacterium_s__uncultured-bacterium</word>
</topic>
<topic id='8' tokens='296675.0000' document_entropy='1.1363' word-length='126.8000' coherence='-61.6940' uniform_dist='4.2179' corpus_dist='2.7831' eff_num_words='10.4344' token-doc-diff='0.0454' rank_1_docs='0.2308' allocation_ratio='1.0000' allocation_count='0.2308' exclusivity='0.8062'>
<word rank='1' count='61311' prob='0.20666' cumulative='0.20666' docs='7' word-length='62.0000' coherence='0.0000' uniform_dist='1.1968' corpus_dist='0.6194' token-doc-diff='0.0086' exclusivity='0.6247'>d__Bacteria_p__Cyanobacteria_c__Oxyphotobacteria_o__Nostocales</word>
<word rank='2' count='48348' prob='0.16297' cumulative='0.36963' docs='4' word-length='138.0000' coherence='-5.7184' uniform_dist='0.9050' corpus_dist='0.5656' token-doc-diff='0.0141' exclusivity='0.9999'>d__Bacteria_p__Halanaerobiaeota_c__Halanaerobiia_o__Halanaerobiales_f__Halobacteroidaceae_g__uncultured_s__uncultured-Clostridia-bacterium</word>
<word rank='3' count='32617' prob='0.10994' cumulative='0.47957' docs='6' word-length='142.0000' coherence='-1.3692' uniform_dist='0.5673' corpus_dist='0.3807' token-doc-diff='0.0002' exclusivity='0.9924'>d__Bacteria_p__Cyanobacteria_c__Oxyphotobacteria_o__Nostocales_f__Nostocales-Incertae-Sedis_g__Oscillatoria-SAG8.92_s__Oscillatoria-corallinae</word>
<word rank='4' count='24574' prob='0.08283' cumulative='0.56240' docs='8' word-length='97.0000' coherence='-1.3692' uniform_dist='0.4039' corpus_dist='-0.0535' token-doc-diff='0.0039' exclusivity='0.0781'>d__Bacteria_p__Spirochaetes_c__Spirochaetia_o__Spirochaetales_f__Spirochaetaceae_g__Spirochaeta-2</word>
<word rank='5' count='12715' prob='0.04286' cumulative='0.60526' docs='5' word-length='103.0000' coherence='-1.3692' uniform_dist='0.1808' corpus_dist='0.1100' token-doc-diff='0.0044' exclusivity='0.4119'>d__Bacteria_p__Proteobacteria_c__Alphaproteobacteria_o__Rhodobacterales_f__Rhodobacteraceae_g__Ruegeria</word>
<word rank='6' count='12081' prob='0.04072' cumulative='0.64598' docs='3' word-length='142.0000' coherence='-1.5912' uniform_dist='0.1697' corpus_dist='0.1413' token-doc-diff='0.0003' exclusivity='0.9993'>d__Bacteria_p__Cyanobacteria_c__Oxyphotobacteria_o__Nostocales_f__Oscillatoriaceae_g__Phormidium-ETS-05_s__filamentous-cyanobacterium-odo1mo59</word>
<word rank='7' count='10905' prob='0.03676' cumulative='0.68274' docs='4' word-length='171.0000' coherence='-5.1612' uniform_dist='0.1494' corpus_dist='0.1276' token-doc-diff='0.0029' exclusivity='1.0000'>d__Bacteria_p__Proteobacteria_c__Alphaproteobacteria_o__Thalassobaculales_f__uncultured_g__uncultured-Rhodospirillaceae-bacterium_s__uncultured-Rhodospirillaceae-bacterium</word>
<word rank='8' count='7073' prob='0.02384' cumulative='0.70658' docs='2' word-length='145.0000' coherence='-5.1612' uniform_dist='0.0866' corpus_dist='0.0827' token-doc-diff='0.0005' exclusivity='0.9988'>d__Bacteria_p__Proteobacteria_c__Gammaproteobacteria_o__Gammaproteobacteria-Incertae-Sedis_f__Unknown-Family_g__uncultured_s__uncultured-organism</word>
<word rank='9' count='6491' prob='0.02188' cumulative='0.72846' docs='2' word-length='132.0000' coherence='-5.1612' uniform_dist='0.0776' corpus_dist='0.0758' token-doc-diff='0.0008' exclusivity='0.9977'>d__Bacteria_p__Cyanobacteria_c__Oxyphotobacteria_o__Nostocales_f__Xenococcaceae_g__Pleurocapsa-PCC-7319_s__uncultured-cyanobacterium</word>
<word rank='10' count='5378' prob='0.01813' cumulative='0.74658' docs='4' word-length='136.0000' coherence='-5.1612' uniform_dist='0.0609' corpus_dist='0.0622' token-doc-diff='0.0098' exclusivity='0.9592'>d__Bacteria_p__Proteobacteria_c__Alphaproteobacteria_o__Caulobacterales_f__Parvularculaceae_g__uncultured_s__uncultured-Parvularcula-sp.</word>
</topic>
<topic id='9' tokens='173501.0000' document_entropy='2.3267' word-length='116.7000' coherence='-102.4270' uniform_dist='6.3283' corpus_dist='3.8407' eff_num_words='1.7326' token-doc-diff='0.1627' rank_1_docs='0.0000' allocation_ratio='0.0000' allocation_count='0.0364' exclusivity='0.7123'>
<word rank='1' count='128943' prob='0.74318' cumulative='0.74318' docs='53' word-length='93.0000' coherence='0.0000' uniform_dist='5.2550' corpus_dist='2.9470' token-doc-diff='0.0303' exclusivity='0.9848'>d__Bacteria_p__Proteobacteria_c__Gammaproteobacteria_o__Vibrionales_f__Vibrionaceae_g__Vibrio</word>
<word rank='2' count='26714' prob='0.15397' cumulative='0.89715' docs='11' word-length='131.0000' coherence='-1.6658' uniform_dist='0.8463' corpus_dist='0.6170' token-doc-diff='0.0062' exclusivity='1.0000'>d__Bacteria_p__Epsilonbacteraeota_c__Campylobacteria_o__Campylobacterales_f__Arcobacteraceae_g__Arcobacter_s__Arcobacter-sp.-KTSW-4</word>
<word rank='3' count='3806' prob='0.02194' cumulative='0.91909' docs='2' word-length='135.0000' coherence='-6.1692' uniform_dist='0.0778' corpus_dist='0.0877' token-doc-diff='0.0004' exclusivity='0.9945'>d__Bacteria_p__Proteobacteria_c__Gammaproteobacteria_o__Alteromonadales_f__Alteromonadaceae_g__uncultured_s__Alteromonadaceae-EF3B-B802</word>
<word rank='4' count='3772' prob='0.02174' cumulative='0.94083' docs='4' word-length='133.0000' coherence='-4.4738' uniform_dist='0.0769' corpus_dist='0.0870' token-doc-diff='0.0003' exclusivity='0.9988'>d__Bacteria_p__Proteobacteria_c__Gammaproteobacteria_o__Alteromonadales_f__uncultured_g__uncultured-bacterium_s__uncultured-bacterium</word>
<word rank='5' count='1533' prob='0.00884' cumulative='0.94967' docs='15' word-length='129.0000' coherence='-1.3300' uniform_dist='0.0233' corpus_dist='0.0055' token-doc-diff='0.0258' exclusivity='0.0574'>d__Bacteria_p__Proteobacteria_c__Gammaproteobacteria_o__Alteromonadales_f__Colwelliaceae_g__Thalassotalea_s__uncultured-bacterium</word>
<word rank='6' count='1050' prob='0.00605' cumulative='0.95572' docs='3' word-length='106.0000' coherence='-6.1692' uniform_dist='0.0137' corpus_dist='0.0236' token-doc-diff='0.0024' exclusivity='0.9533'>d__Bacteria_p__Proteobacteria_c__Alphaproteobacteria_o__Kordiimonadales_f__Kordiimonadaceae_g__Kordiimonas</word>
<word rank='7' count='709' prob='0.00409' cumulative='0.95980' docs='27' word-length='127.0000' coherence='-0.6740' uniform_dist='0.0076' corpus_dist='-0.0102' token-doc-diff='0.0610' exclusivity='0.0062'>d__Bacteria_p__Proteobacteria_c__Deltaproteobacteria_o__Myxococcales_f__P3OB-42_g__uncultured-bacterium_s__uncultured-bacterium</word>
<word rank='8' count='563' prob='0.00324' cumulative='0.96305' docs='13' word-length='101.0000' coherence='-1.6954' uniform_dist='0.0053' corpus_dist='0.0055' token-doc-diff='0.0274' exclusivity='0.1852'>d__Bacteria_p__Bacteroidetes_c__Bacteroidia_o__Flavobacteriales_f__Flavobacteriaceae_g__Tenacibaculum</word>
<word rank='9' count='450' prob='0.00259' cumulative='0.96564' docs='3' word-length='91.0000' coherence='-6.3359' uniform_dist='0.0037' corpus_dist='0.0102' token-doc-diff='0.0044' exclusivity='0.9688'>d__Bacteria_p__Proteobacteria_c__Gammaproteobacteria_o__Oceanospirillales_f__Nitrincolaceae</word>
<word rank='10' count='449' prob='0.00259' cumulative='0.96823' docs='3' word-length='121.0000' coherence='-6.1692' uniform_dist='0.0037' corpus_dist='0.0102' token-doc-diff='0.0044' exclusivity='0.9736'>d__Bacteria_p__Proteobacteria_c__Alphaproteobacteria_o__Thalassobaculales_f__Nisaeaceae_g__Nisaea_s__uncultured-bacterium</word>
</topic>
</model>

